SAMPLE_ID,SAMPLE_PATH,FAN_TYPE,LABEL
TRAIN_0000,./train/TRAIN_0000.wav,2,0
TRAIN_0001,./train/TRAIN_0001.wav,0,0
TRAIN_0002,./train/TRAIN_0002.wav,0,0
TRAIN_0003,./train/TRAIN_0003.wav,2,0
TRAIN_0004,./train/TRAIN_0004.wav,2,0
TRAIN_0005,./train/TRAIN_0005.wav,2,0
TRAIN_0006,./train/TRAIN_0006.wav,2,0
TRAIN_0007,./train/TRAIN_0007.wav,2,0
TRAIN_0008,./train/TRAIN_0008.wav,0,0
TRAIN_0009,./train/TRAIN_0009.wav,0,0
TRAIN_0010,./train/TRAIN_0010.wav,2,0
TRAIN_0011,./train/TRAIN_0011.wav,2,0
TRAIN_0012,./train/TRAIN_0012.wav,2,0
TRAIN_0013,./train/TRAIN_0013.wav,0,0
TRAIN_0014,./train/TRAIN_0014.wav,2,0
TRAIN_0015,./train/TRAIN_0015.wav,0,0
TRAIN_0016,./train/TRAIN_0016.wav,2,0
TRAIN_0017,./train/TRAIN_0017.wav,2,0
TRAIN_0018,./train/TRAIN_0018.wav,0,0
TRAIN_0019,./train/TRAIN_0019.wav,2,0
TRAIN_0020,./train/TRAIN_0020.wav,0,0
TRAIN_0021,./train/TRAIN_0021.wav,0,0
TRAIN_0022,./train/TRAIN_0022.wav,0,0
TRAIN_0023,./train/TRAIN_0023.wav,0,0
TRAIN_0024,./train/TRAIN_0024.wav,2,0
TRAIN_0025,./train/TRAIN_0025.wav,0,0
TRAIN_0026,./train/TRAIN_0026.wav,0,0
TRAIN_0027,./train/TRAIN_0027.wav,0,0
TRAIN_0028,./train/TRAIN_0028.wav,2,0
TRAIN_0029,./train/TRAIN_0029.wav,2,0
TRAIN_0030,./train/TRAIN_0030.wav,0,0
TRAIN_0031,./train/TRAIN_0031.wav,2,0
TRAIN_0032,./train/TRAIN_0032.wav,2,0
TRAIN_0033,./train/TRAIN_0033.wav,0,0
TRAIN_0034,./train/TRAIN_0034.wav,2,0
TRAIN_0035,./train/TRAIN_0035.wav,2,0
TRAIN_0036,./train/TRAIN_0036.wav,2,0
TRAIN_0037,./train/TRAIN_0037.wav,2,0
TRAIN_0038,./train/TRAIN_0038.wav,0,0
TRAIN_0039,./train/TRAIN_0039.wav,0,0
TRAIN_0040,./train/TRAIN_0040.wav,0,0
TRAIN_0041,./train/TRAIN_0041.wav,2,0
TRAIN_0042,./train/TRAIN_0042.wav,0,0
TRAIN_0043,./train/TRAIN_0043.wav,0,0
TRAIN_0044,./train/TRAIN_0044.wav,2,0
TRAIN_0045,./train/TRAIN_0045.wav,0,0
TRAIN_0046,./train/TRAIN_0046.wav,0,0
TRAIN_0047,./train/TRAIN_0047.wav,0,0
TRAIN_0048,./train/TRAIN_0048.wav,2,0
TRAIN_0049,./train/TRAIN_0049.wav,2,0
TRAIN_0050,./train/TRAIN_0050.wav,2,0
TRAIN_0051,./train/TRAIN_0051.wav,2,0
TRAIN_0052,./train/TRAIN_0052.wav,2,0
TRAIN_0053,./train/TRAIN_0053.wav,0,0
TRAIN_0054,./train/TRAIN_0054.wav,2,0
TRAIN_0055,./train/TRAIN_0055.wav,0,0
TRAIN_0056,./train/TRAIN_0056.wav,2,0
TRAIN_0057,./train/TRAIN_0057.wav,0,0
TRAIN_0058,./train/TRAIN_0058.wav,2,0
TRAIN_0059,./train/TRAIN_0059.wav,0,0
TRAIN_0060,./train/TRAIN_0060.wav,2,0
TRAIN_0061,./train/TRAIN_0061.wav,0,0
TRAIN_0062,./train/TRAIN_0062.wav,2,0
TRAIN_0063,./train/TRAIN_0063.wav,2,0
TRAIN_0064,./train/TRAIN_0064.wav,2,0
TRAIN_0065,./train/TRAIN_0065.wav,2,0
TRAIN_0066,./train/TRAIN_0066.wav,0,0
TRAIN_0067,./train/TRAIN_0067.wav,0,0
TRAIN_0068,./train/TRAIN_0068.wav,0,0
TRAIN_0069,./train/TRAIN_0069.wav,2,0
TRAIN_0070,./train/TRAIN_0070.wav,2,0
TRAIN_0071,./train/TRAIN_0071.wav,0,0
TRAIN_0072,./train/TRAIN_0072.wav,2,0
TRAIN_0073,./train/TRAIN_0073.wav,2,0
TRAIN_0074,./train/TRAIN_0074.wav,2,0
TRAIN_0075,./train/TRAIN_0075.wav,2,0
TRAIN_0076,./train/TRAIN_0076.wav,0,0
TRAIN_0077,./train/TRAIN_0077.wav,0,0
TRAIN_0078,./train/TRAIN_0078.wav,0,0
TRAIN_0079,./train/TRAIN_0079.wav,2,0
TRAIN_0080,./train/TRAIN_0080.wav,0,0
TRAIN_0081,./train/TRAIN_0081.wav,0,0
TRAIN_0082,./train/TRAIN_0082.wav,0,0
TRAIN_0083,./train/TRAIN_0083.wav,2,0
TRAIN_0084,./train/TRAIN_0084.wav,2,0
TRAIN_0085,./train/TRAIN_0085.wav,2,0
TRAIN_0086,./train/TRAIN_0086.wav,2,0
TRAIN_0087,./train/TRAIN_0087.wav,2,0
TRAIN_0088,./train/TRAIN_0088.wav,0,0
TRAIN_0089,./train/TRAIN_0089.wav,0,0
TRAIN_0090,./train/TRAIN_0090.wav,2,0
TRAIN_0091,./train/TRAIN_0091.wav,0,0
TRAIN_0092,./train/TRAIN_0092.wav,2,0
TRAIN_0093,./train/TRAIN_0093.wav,2,0
TRAIN_0094,./train/TRAIN_0094.wav,0,0
TRAIN_0095,./train/TRAIN_0095.wav,0,0
TRAIN_0096,./train/TRAIN_0096.wav,0,0
TRAIN_0097,./train/TRAIN_0097.wav,0,0
TRAIN_0098,./train/TRAIN_0098.wav,2,0
TRAIN_0099,./train/TRAIN_0099.wav,2,0
TRAIN_0100,./train/TRAIN_0100.wav,0,0
TRAIN_0101,./train/TRAIN_0101.wav,2,0
TRAIN_0102,./train/TRAIN_0102.wav,2,0
TRAIN_0103,./train/TRAIN_0103.wav,0,0
TRAIN_0104,./train/TRAIN_0104.wav,2,0
TRAIN_0105,./train/TRAIN_0105.wav,0,0
TRAIN_0106,./train/TRAIN_0106.wav,2,0
TRAIN_0107,./train/TRAIN_0107.wav,0,0
TRAIN_0108,./train/TRAIN_0108.wav,2,0
TRAIN_0109,./train/TRAIN_0109.wav,0,0
TRAIN_0110,./train/TRAIN_0110.wav,2,0
TRAIN_0111,./train/TRAIN_0111.wav,0,0
TRAIN_0112,./train/TRAIN_0112.wav,0,0
TRAIN_0113,./train/TRAIN_0113.wav,0,0
TRAIN_0114,./train/TRAIN_0114.wav,2,0
TRAIN_0115,./train/TRAIN_0115.wav,2,0
TRAIN_0116,./train/TRAIN_0116.wav,0,0
TRAIN_0117,./train/TRAIN_0117.wav,0,0
TRAIN_0118,./train/TRAIN_0118.wav,2,0
TRAIN_0119,./train/TRAIN_0119.wav,0,0
TRAIN_0120,./train/TRAIN_0120.wav,0,0
TRAIN_0121,./train/TRAIN_0121.wav,0,0
TRAIN_0122,./train/TRAIN_0122.wav,0,0
TRAIN_0123,./train/TRAIN_0123.wav,2,0
TRAIN_0124,./train/TRAIN_0124.wav,2,0
TRAIN_0125,./train/TRAIN_0125.wav,2,0
TRAIN_0126,./train/TRAIN_0126.wav,2,0
TRAIN_0127,./train/TRAIN_0127.wav,0,0
TRAIN_0128,./train/TRAIN_0128.wav,2,0
TRAIN_0129,./train/TRAIN_0129.wav,2,0
TRAIN_0130,./train/TRAIN_0130.wav,2,0
TRAIN_0131,./train/TRAIN_0131.wav,0,0
TRAIN_0132,./train/TRAIN_0132.wav,0,0
TRAIN_0133,./train/TRAIN_0133.wav,2,0
TRAIN_0134,./train/TRAIN_0134.wav,0,0
TRAIN_0135,./train/TRAIN_0135.wav,0,0
TRAIN_0136,./train/TRAIN_0136.wav,2,0
TRAIN_0137,./train/TRAIN_0137.wav,2,0
TRAIN_0138,./train/TRAIN_0138.wav,2,0
TRAIN_0139,./train/TRAIN_0139.wav,0,0
TRAIN_0140,./train/TRAIN_0140.wav,0,0
TRAIN_0141,./train/TRAIN_0141.wav,0,0
TRAIN_0142,./train/TRAIN_0142.wav,2,0
TRAIN_0143,./train/TRAIN_0143.wav,0,0
TRAIN_0144,./train/TRAIN_0144.wav,2,0
TRAIN_0145,./train/TRAIN_0145.wav,2,0
TRAIN_0146,./train/TRAIN_0146.wav,0,0
TRAIN_0147,./train/TRAIN_0147.wav,2,0
TRAIN_0148,./train/TRAIN_0148.wav,2,0
TRAIN_0149,./train/TRAIN_0149.wav,0,0
TRAIN_0150,./train/TRAIN_0150.wav,0,0
TRAIN_0151,./train/TRAIN_0151.wav,2,0
TRAIN_0152,./train/TRAIN_0152.wav,0,0
TRAIN_0153,./train/TRAIN_0153.wav,2,0
TRAIN_0154,./train/TRAIN_0154.wav,0,0
TRAIN_0155,./train/TRAIN_0155.wav,0,0
TRAIN_0156,./train/TRAIN_0156.wav,2,0
TRAIN_0157,./train/TRAIN_0157.wav,2,0
TRAIN_0158,./train/TRAIN_0158.wav,2,0
TRAIN_0159,./train/TRAIN_0159.wav,2,0
TRAIN_0160,./train/TRAIN_0160.wav,2,0
TRAIN_0161,./train/TRAIN_0161.wav,2,0
TRAIN_0162,./train/TRAIN_0162.wav,2,0
TRAIN_0163,./train/TRAIN_0163.wav,2,0
TRAIN_0164,./train/TRAIN_0164.wav,0,0
TRAIN_0165,./train/TRAIN_0165.wav,2,0
TRAIN_0166,./train/TRAIN_0166.wav,0,0
TRAIN_0167,./train/TRAIN_0167.wav,2,0
TRAIN_0168,./train/TRAIN_0168.wav,0,0
TRAIN_0169,./train/TRAIN_0169.wav,2,0
TRAIN_0170,./train/TRAIN_0170.wav,2,0
TRAIN_0171,./train/TRAIN_0171.wav,2,0
TRAIN_0172,./train/TRAIN_0172.wav,0,0
TRAIN_0173,./train/TRAIN_0173.wav,2,0
TRAIN_0174,./train/TRAIN_0174.wav,0,0
TRAIN_0175,./train/TRAIN_0175.wav,2,0
TRAIN_0176,./train/TRAIN_0176.wav,0,0
TRAIN_0177,./train/TRAIN_0177.wav,2,0
TRAIN_0178,./train/TRAIN_0178.wav,2,0
TRAIN_0179,./train/TRAIN_0179.wav,2,0
TRAIN_0180,./train/TRAIN_0180.wav,2,0
TRAIN_0181,./train/TRAIN_0181.wav,2,0
TRAIN_0182,./train/TRAIN_0182.wav,0,0
TRAIN_0183,./train/TRAIN_0183.wav,0,0
TRAIN_0184,./train/TRAIN_0184.wav,0,0
TRAIN_0185,./train/TRAIN_0185.wav,0,0
TRAIN_0186,./train/TRAIN_0186.wav,0,0
TRAIN_0187,./train/TRAIN_0187.wav,0,0
TRAIN_0188,./train/TRAIN_0188.wav,0,0
TRAIN_0189,./train/TRAIN_0189.wav,0,0
TRAIN_0190,./train/TRAIN_0190.wav,2,0
TRAIN_0191,./train/TRAIN_0191.wav,0,0
TRAIN_0192,./train/TRAIN_0192.wav,0,0
TRAIN_0193,./train/TRAIN_0193.wav,2,0
TRAIN_0194,./train/TRAIN_0194.wav,0,0
TRAIN_0195,./train/TRAIN_0195.wav,0,0
TRAIN_0196,./train/TRAIN_0196.wav,2,0
TRAIN_0197,./train/TRAIN_0197.wav,0,0
TRAIN_0198,./train/TRAIN_0198.wav,0,0
TRAIN_0199,./train/TRAIN_0199.wav,2,0
TRAIN_0200,./train/TRAIN_0200.wav,2,0
TRAIN_0201,./train/TRAIN_0201.wav,0,0
TRAIN_0202,./train/TRAIN_0202.wav,2,0
TRAIN_0203,./train/TRAIN_0203.wav,0,0
TRAIN_0204,./train/TRAIN_0204.wav,0,0
TRAIN_0205,./train/TRAIN_0205.wav,0,0
TRAIN_0206,./train/TRAIN_0206.wav,0,0
TRAIN_0207,./train/TRAIN_0207.wav,0,0
TRAIN_0208,./train/TRAIN_0208.wav,0,0
TRAIN_0209,./train/TRAIN_0209.wav,0,0
TRAIN_0210,./train/TRAIN_0210.wav,2,0
TRAIN_0211,./train/TRAIN_0211.wav,2,0
TRAIN_0212,./train/TRAIN_0212.wav,2,0
TRAIN_0213,./train/TRAIN_0213.wav,0,0
TRAIN_0214,./train/TRAIN_0214.wav,2,0
TRAIN_0215,./train/TRAIN_0215.wav,0,0
TRAIN_0216,./train/TRAIN_0216.wav,2,0
TRAIN_0217,./train/TRAIN_0217.wav,2,0
TRAIN_0218,./train/TRAIN_0218.wav,0,0
TRAIN_0219,./train/TRAIN_0219.wav,2,0
TRAIN_0220,./train/TRAIN_0220.wav,2,0
TRAIN_0221,./train/TRAIN_0221.wav,0,0
TRAIN_0222,./train/TRAIN_0222.wav,2,0
TRAIN_0223,./train/TRAIN_0223.wav,2,0
TRAIN_0224,./train/TRAIN_0224.wav,2,0
TRAIN_0225,./train/TRAIN_0225.wav,0,0
TRAIN_0226,./train/TRAIN_0226.wav,0,0
TRAIN_0227,./train/TRAIN_0227.wav,2,0
TRAIN_0228,./train/TRAIN_0228.wav,2,0
TRAIN_0229,./train/TRAIN_0229.wav,0,0
TRAIN_0230,./train/TRAIN_0230.wav,0,0
TRAIN_0231,./train/TRAIN_0231.wav,2,0
TRAIN_0232,./train/TRAIN_0232.wav,2,0
TRAIN_0233,./train/TRAIN_0233.wav,2,0
TRAIN_0234,./train/TRAIN_0234.wav,2,0
TRAIN_0235,./train/TRAIN_0235.wav,0,0
TRAIN_0236,./train/TRAIN_0236.wav,0,0
TRAIN_0237,./train/TRAIN_0237.wav,0,0
TRAIN_0238,./train/TRAIN_0238.wav,2,0
TRAIN_0239,./train/TRAIN_0239.wav,0,0
TRAIN_0240,./train/TRAIN_0240.wav,2,0
TRAIN_0241,./train/TRAIN_0241.wav,0,0
TRAIN_0242,./train/TRAIN_0242.wav,2,0
TRAIN_0243,./train/TRAIN_0243.wav,2,0
TRAIN_0244,./train/TRAIN_0244.wav,2,0
TRAIN_0245,./train/TRAIN_0245.wav,2,0
TRAIN_0246,./train/TRAIN_0246.wav,2,0
TRAIN_0247,./train/TRAIN_0247.wav,2,0
TRAIN_0248,./train/TRAIN_0248.wav,0,0
TRAIN_0249,./train/TRAIN_0249.wav,2,0
TRAIN_0250,./train/TRAIN_0250.wav,2,0
TRAIN_0251,./train/TRAIN_0251.wav,2,0
TRAIN_0252,./train/TRAIN_0252.wav,0,0
TRAIN_0253,./train/TRAIN_0253.wav,2,0
TRAIN_0254,./train/TRAIN_0254.wav,0,0
TRAIN_0255,./train/TRAIN_0255.wav,2,0
TRAIN_0256,./train/TRAIN_0256.wav,0,0
TRAIN_0257,./train/TRAIN_0257.wav,2,0
TRAIN_0258,./train/TRAIN_0258.wav,0,0
TRAIN_0259,./train/TRAIN_0259.wav,0,0
TRAIN_0260,./train/TRAIN_0260.wav,0,0
TRAIN_0261,./train/TRAIN_0261.wav,2,0
TRAIN_0262,./train/TRAIN_0262.wav,2,0
TRAIN_0263,./train/TRAIN_0263.wav,0,0
TRAIN_0264,./train/TRAIN_0264.wav,0,0
TRAIN_0265,./train/TRAIN_0265.wav,2,0
TRAIN_0266,./train/TRAIN_0266.wav,2,0
TRAIN_0267,./train/TRAIN_0267.wav,2,0
TRAIN_0268,./train/TRAIN_0268.wav,2,0
TRAIN_0269,./train/TRAIN_0269.wav,0,0
TRAIN_0270,./train/TRAIN_0270.wav,0,0
TRAIN_0271,./train/TRAIN_0271.wav,2,0
TRAIN_0272,./train/TRAIN_0272.wav,0,0
TRAIN_0273,./train/TRAIN_0273.wav,0,0
TRAIN_0274,./train/TRAIN_0274.wav,2,0
TRAIN_0275,./train/TRAIN_0275.wav,2,0
TRAIN_0276,./train/TRAIN_0276.wav,0,0
TRAIN_0277,./train/TRAIN_0277.wav,2,0
TRAIN_0278,./train/TRAIN_0278.wav,0,0
TRAIN_0279,./train/TRAIN_0279.wav,2,0
TRAIN_0280,./train/TRAIN_0280.wav,0,0
TRAIN_0281,./train/TRAIN_0281.wav,2,0
TRAIN_0282,./train/TRAIN_0282.wav,2,0
TRAIN_0283,./train/TRAIN_0283.wav,0,0
TRAIN_0284,./train/TRAIN_0284.wav,2,0
TRAIN_0285,./train/TRAIN_0285.wav,0,0
TRAIN_0286,./train/TRAIN_0286.wav,2,0
TRAIN_0287,./train/TRAIN_0287.wav,2,0
TRAIN_0288,./train/TRAIN_0288.wav,0,0
TRAIN_0289,./train/TRAIN_0289.wav,2,0
TRAIN_0290,./train/TRAIN_0290.wav,2,0
TRAIN_0291,./train/TRAIN_0291.wav,2,0
TRAIN_0292,./train/TRAIN_0292.wav,2,0
TRAIN_0293,./train/TRAIN_0293.wav,0,0
TRAIN_0294,./train/TRAIN_0294.wav,2,0
TRAIN_0295,./train/TRAIN_0295.wav,0,0
TRAIN_0296,./train/TRAIN_0296.wav,2,0
TRAIN_0297,./train/TRAIN_0297.wav,2,0
TRAIN_0298,./train/TRAIN_0298.wav,2,0
TRAIN_0299,./train/TRAIN_0299.wav,0,0
TRAIN_0300,./train/TRAIN_0300.wav,0,0
TRAIN_0301,./train/TRAIN_0301.wav,0,0
TRAIN_0302,./train/TRAIN_0302.wav,2,0
TRAIN_0303,./train/TRAIN_0303.wav,2,0
TRAIN_0304,./train/TRAIN_0304.wav,2,0
TRAIN_0305,./train/TRAIN_0305.wav,0,0
TRAIN_0306,./train/TRAIN_0306.wav,0,0
TRAIN_0307,./train/TRAIN_0307.wav,2,0
TRAIN_0308,./train/TRAIN_0308.wav,0,0
TRAIN_0309,./train/TRAIN_0309.wav,0,0
TRAIN_0310,./train/TRAIN_0310.wav,0,0
TRAIN_0311,./train/TRAIN_0311.wav,0,0
TRAIN_0312,./train/TRAIN_0312.wav,2,0
TRAIN_0313,./train/TRAIN_0313.wav,0,0
TRAIN_0314,./train/TRAIN_0314.wav,2,0
TRAIN_0315,./train/TRAIN_0315.wav,2,0
TRAIN_0316,./train/TRAIN_0316.wav,2,0
TRAIN_0317,./train/TRAIN_0317.wav,2,0
TRAIN_0318,./train/TRAIN_0318.wav,0,0
TRAIN_0319,./train/TRAIN_0319.wav,2,0
TRAIN_0320,./train/TRAIN_0320.wav,2,0
TRAIN_0321,./train/TRAIN_0321.wav,0,0
TRAIN_0322,./train/TRAIN_0322.wav,2,0
TRAIN_0323,./train/TRAIN_0323.wav,0,0
TRAIN_0324,./train/TRAIN_0324.wav,0,0
TRAIN_0325,./train/TRAIN_0325.wav,2,0
TRAIN_0326,./train/TRAIN_0326.wav,0,0
TRAIN_0327,./train/TRAIN_0327.wav,0,0
TRAIN_0328,./train/TRAIN_0328.wav,2,0
TRAIN_0329,./train/TRAIN_0329.wav,0,0
TRAIN_0330,./train/TRAIN_0330.wav,0,0
TRAIN_0331,./train/TRAIN_0331.wav,0,0
TRAIN_0332,./train/TRAIN_0332.wav,0,0
TRAIN_0333,./train/TRAIN_0333.wav,2,0
TRAIN_0334,./train/TRAIN_0334.wav,0,0
TRAIN_0335,./train/TRAIN_0335.wav,2,0
TRAIN_0336,./train/TRAIN_0336.wav,0,0
TRAIN_0337,./train/TRAIN_0337.wav,0,0
TRAIN_0338,./train/TRAIN_0338.wav,0,0
TRAIN_0339,./train/TRAIN_0339.wav,0,0
TRAIN_0340,./train/TRAIN_0340.wav,0,0
TRAIN_0341,./train/TRAIN_0341.wav,0,0
TRAIN_0342,./train/TRAIN_0342.wav,0,0
TRAIN_0343,./train/TRAIN_0343.wav,0,0
TRAIN_0344,./train/TRAIN_0344.wav,2,0
TRAIN_0345,./train/TRAIN_0345.wav,2,0
TRAIN_0346,./train/TRAIN_0346.wav,0,0
TRAIN_0347,./train/TRAIN_0347.wav,2,0
TRAIN_0348,./train/TRAIN_0348.wav,0,0
TRAIN_0349,./train/TRAIN_0349.wav,0,0
TRAIN_0350,./train/TRAIN_0350.wav,2,0
TRAIN_0351,./train/TRAIN_0351.wav,0,0
TRAIN_0352,./train/TRAIN_0352.wav,0,0
TRAIN_0353,./train/TRAIN_0353.wav,0,0
TRAIN_0354,./train/TRAIN_0354.wav,2,0
TRAIN_0355,./train/TRAIN_0355.wav,2,0
TRAIN_0356,./train/TRAIN_0356.wav,2,0
TRAIN_0357,./train/TRAIN_0357.wav,0,0
TRAIN_0358,./train/TRAIN_0358.wav,2,0
TRAIN_0359,./train/TRAIN_0359.wav,0,0
TRAIN_0360,./train/TRAIN_0360.wav,0,0
TRAIN_0361,./train/TRAIN_0361.wav,2,0
TRAIN_0362,./train/TRAIN_0362.wav,2,0
TRAIN_0363,./train/TRAIN_0363.wav,2,0
TRAIN_0364,./train/TRAIN_0364.wav,0,0
TRAIN_0365,./train/TRAIN_0365.wav,0,0
TRAIN_0366,./train/TRAIN_0366.wav,2,0
TRAIN_0367,./train/TRAIN_0367.wav,0,0
TRAIN_0368,./train/TRAIN_0368.wav,0,0
TRAIN_0369,./train/TRAIN_0369.wav,2,0
TRAIN_0370,./train/TRAIN_0370.wav,2,0
TRAIN_0371,./train/TRAIN_0371.wav,0,0
TRAIN_0372,./train/TRAIN_0372.wav,0,0
TRAIN_0373,./train/TRAIN_0373.wav,2,0
TRAIN_0374,./train/TRAIN_0374.wav,2,0
TRAIN_0375,./train/TRAIN_0375.wav,0,0
TRAIN_0376,./train/TRAIN_0376.wav,2,0
TRAIN_0377,./train/TRAIN_0377.wav,2,0
TRAIN_0378,./train/TRAIN_0378.wav,0,0
TRAIN_0379,./train/TRAIN_0379.wav,0,0
TRAIN_0380,./train/TRAIN_0380.wav,2,0
TRAIN_0381,./train/TRAIN_0381.wav,2,0
TRAIN_0382,./train/TRAIN_0382.wav,0,0
TRAIN_0383,./train/TRAIN_0383.wav,2,0
TRAIN_0384,./train/TRAIN_0384.wav,2,0
TRAIN_0385,./train/TRAIN_0385.wav,2,0
TRAIN_0386,./train/TRAIN_0386.wav,0,0
TRAIN_0387,./train/TRAIN_0387.wav,0,0
TRAIN_0388,./train/TRAIN_0388.wav,2,0
TRAIN_0389,./train/TRAIN_0389.wav,0,0
TRAIN_0390,./train/TRAIN_0390.wav,2,0
TRAIN_0391,./train/TRAIN_0391.wav,2,0
TRAIN_0392,./train/TRAIN_0392.wav,0,0
TRAIN_0393,./train/TRAIN_0393.wav,0,0
TRAIN_0394,./train/TRAIN_0394.wav,2,0
TRAIN_0395,./train/TRAIN_0395.wav,0,0
TRAIN_0396,./train/TRAIN_0396.wav,0,0
TRAIN_0397,./train/TRAIN_0397.wav,0,0
TRAIN_0398,./train/TRAIN_0398.wav,0,0
TRAIN_0399,./train/TRAIN_0399.wav,0,0
TRAIN_0400,./train/TRAIN_0400.wav,0,0
TRAIN_0401,./train/TRAIN_0401.wav,2,0
TRAIN_0402,./train/TRAIN_0402.wav,0,0
TRAIN_0403,./train/TRAIN_0403.wav,0,0
TRAIN_0404,./train/TRAIN_0404.wav,0,0
TRAIN_0405,./train/TRAIN_0405.wav,2,0
TRAIN_0406,./train/TRAIN_0406.wav,0,0
TRAIN_0407,./train/TRAIN_0407.wav,2,0
TRAIN_0408,./train/TRAIN_0408.wav,0,0
TRAIN_0409,./train/TRAIN_0409.wav,0,0
TRAIN_0410,./train/TRAIN_0410.wav,2,0
TRAIN_0411,./train/TRAIN_0411.wav,0,0
TRAIN_0412,./train/TRAIN_0412.wav,0,0
TRAIN_0413,./train/TRAIN_0413.wav,0,0
TRAIN_0414,./train/TRAIN_0414.wav,2,0
TRAIN_0415,./train/TRAIN_0415.wav,2,0
TRAIN_0416,./train/TRAIN_0416.wav,2,0
TRAIN_0417,./train/TRAIN_0417.wav,0,0
TRAIN_0418,./train/TRAIN_0418.wav,2,0
TRAIN_0419,./train/TRAIN_0419.wav,2,0
TRAIN_0420,./train/TRAIN_0420.wav,0,0
TRAIN_0421,./train/TRAIN_0421.wav,0,0
TRAIN_0422,./train/TRAIN_0422.wav,2,0
TRAIN_0423,./train/TRAIN_0423.wav,0,0
TRAIN_0424,./train/TRAIN_0424.wav,2,0
TRAIN_0425,./train/TRAIN_0425.wav,2,0
TRAIN_0426,./train/TRAIN_0426.wav,2,0
TRAIN_0427,./train/TRAIN_0427.wav,2,0
TRAIN_0428,./train/TRAIN_0428.wav,2,0
TRAIN_0429,./train/TRAIN_0429.wav,2,0
TRAIN_0430,./train/TRAIN_0430.wav,2,0
TRAIN_0431,./train/TRAIN_0431.wav,0,0
TRAIN_0432,./train/TRAIN_0432.wav,0,0
TRAIN_0433,./train/TRAIN_0433.wav,2,0
TRAIN_0434,./train/TRAIN_0434.wav,2,0
TRAIN_0435,./train/TRAIN_0435.wav,0,0
TRAIN_0436,./train/TRAIN_0436.wav,0,0
TRAIN_0437,./train/TRAIN_0437.wav,0,0
TRAIN_0438,./train/TRAIN_0438.wav,2,0
TRAIN_0439,./train/TRAIN_0439.wav,2,0
TRAIN_0440,./train/TRAIN_0440.wav,0,0
TRAIN_0441,./train/TRAIN_0441.wav,2,0
TRAIN_0442,./train/TRAIN_0442.wav,0,0
TRAIN_0443,./train/TRAIN_0443.wav,2,0
TRAIN_0444,./train/TRAIN_0444.wav,2,0
TRAIN_0445,./train/TRAIN_0445.wav,2,0
TRAIN_0446,./train/TRAIN_0446.wav,2,0
TRAIN_0447,./train/TRAIN_0447.wav,2,0
TRAIN_0448,./train/TRAIN_0448.wav,0,0
TRAIN_0449,./train/TRAIN_0449.wav,0,0
TRAIN_0450,./train/TRAIN_0450.wav,0,0
TRAIN_0451,./train/TRAIN_0451.wav,0,0
TRAIN_0452,./train/TRAIN_0452.wav,0,0
TRAIN_0453,./train/TRAIN_0453.wav,0,0
TRAIN_0454,./train/TRAIN_0454.wav,2,0
TRAIN_0455,./train/TRAIN_0455.wav,2,0
TRAIN_0456,./train/TRAIN_0456.wav,2,0
TRAIN_0457,./train/TRAIN_0457.wav,2,0
TRAIN_0458,./train/TRAIN_0458.wav,2,0
TRAIN_0459,./train/TRAIN_0459.wav,0,0
TRAIN_0460,./train/TRAIN_0460.wav,2,0
TRAIN_0461,./train/TRAIN_0461.wav,0,0
TRAIN_0462,./train/TRAIN_0462.wav,2,0
TRAIN_0463,./train/TRAIN_0463.wav,2,0
TRAIN_0464,./train/TRAIN_0464.wav,2,0
TRAIN_0465,./train/TRAIN_0465.wav,0,0
TRAIN_0466,./train/TRAIN_0466.wav,2,0
TRAIN_0467,./train/TRAIN_0467.wav,2,0
TRAIN_0468,./train/TRAIN_0468.wav,2,0
TRAIN_0469,./train/TRAIN_0469.wav,2,0
TRAIN_0470,./train/TRAIN_0470.wav,0,0
TRAIN_0471,./train/TRAIN_0471.wav,0,0
TRAIN_0472,./train/TRAIN_0472.wav,0,0
TRAIN_0473,./train/TRAIN_0473.wav,0,0
TRAIN_0474,./train/TRAIN_0474.wav,0,0
TRAIN_0475,./train/TRAIN_0475.wav,0,0
TRAIN_0476,./train/TRAIN_0476.wav,0,0
TRAIN_0477,./train/TRAIN_0477.wav,2,0
TRAIN_0478,./train/TRAIN_0478.wav,0,0
TRAIN_0479,./train/TRAIN_0479.wav,0,0
TRAIN_0480,./train/TRAIN_0480.wav,2,0
TRAIN_0481,./train/TRAIN_0481.wav,0,0
TRAIN_0482,./train/TRAIN_0482.wav,0,0
TRAIN_0483,./train/TRAIN_0483.wav,0,0
TRAIN_0484,./train/TRAIN_0484.wav,0,0
TRAIN_0485,./train/TRAIN_0485.wav,0,0
TRAIN_0486,./train/TRAIN_0486.wav,2,0
TRAIN_0487,./train/TRAIN_0487.wav,2,0
TRAIN_0488,./train/TRAIN_0488.wav,0,0
TRAIN_0489,./train/TRAIN_0489.wav,0,0
TRAIN_0490,./train/TRAIN_0490.wav,0,0
TRAIN_0491,./train/TRAIN_0491.wav,0,0
TRAIN_0492,./train/TRAIN_0492.wav,2,0
TRAIN_0493,./train/TRAIN_0493.wav,2,0
TRAIN_0494,./train/TRAIN_0494.wav,0,0
TRAIN_0495,./train/TRAIN_0495.wav,0,0
TRAIN_0496,./train/TRAIN_0496.wav,0,0
TRAIN_0497,./train/TRAIN_0497.wav,2,0
TRAIN_0498,./train/TRAIN_0498.wav,2,0
TRAIN_0499,./train/TRAIN_0499.wav,2,0
TRAIN_0500,./train/TRAIN_0500.wav,0,0
TRAIN_0501,./train/TRAIN_0501.wav,2,0
TRAIN_0502,./train/TRAIN_0502.wav,0,0
TRAIN_0503,./train/TRAIN_0503.wav,0,0
TRAIN_0504,./train/TRAIN_0504.wav,0,0
TRAIN_0505,./train/TRAIN_0505.wav,0,0
TRAIN_0506,./train/TRAIN_0506.wav,2,0
TRAIN_0507,./train/TRAIN_0507.wav,0,0
TRAIN_0508,./train/TRAIN_0508.wav,0,0
TRAIN_0509,./train/TRAIN_0509.wav,0,0
TRAIN_0510,./train/TRAIN_0510.wav,0,0
TRAIN_0511,./train/TRAIN_0511.wav,2,0
TRAIN_0512,./train/TRAIN_0512.wav,0,0
TRAIN_0513,./train/TRAIN_0513.wav,2,0
TRAIN_0514,./train/TRAIN_0514.wav,2,0
TRAIN_0515,./train/TRAIN_0515.wav,2,0
TRAIN_0516,./train/TRAIN_0516.wav,2,0
TRAIN_0517,./train/TRAIN_0517.wav,2,0
TRAIN_0518,./train/TRAIN_0518.wav,2,0
TRAIN_0519,./train/TRAIN_0519.wav,0,0
TRAIN_0520,./train/TRAIN_0520.wav,0,0
TRAIN_0521,./train/TRAIN_0521.wav,2,0
TRAIN_0522,./train/TRAIN_0522.wav,0,0
TRAIN_0523,./train/TRAIN_0523.wav,0,0
TRAIN_0524,./train/TRAIN_0524.wav,0,0
TRAIN_0525,./train/TRAIN_0525.wav,2,0
TRAIN_0526,./train/TRAIN_0526.wav,2,0
TRAIN_0527,./train/TRAIN_0527.wav,0,0
TRAIN_0528,./train/TRAIN_0528.wav,2,0
TRAIN_0529,./train/TRAIN_0529.wav,0,0
TRAIN_0530,./train/TRAIN_0530.wav,0,0
TRAIN_0531,./train/TRAIN_0531.wav,0,0
TRAIN_0532,./train/TRAIN_0532.wav,2,0
TRAIN_0533,./train/TRAIN_0533.wav,0,0
TRAIN_0534,./train/TRAIN_0534.wav,0,0
TRAIN_0535,./train/TRAIN_0535.wav,0,0
TRAIN_0536,./train/TRAIN_0536.wav,2,0
TRAIN_0537,./train/TRAIN_0537.wav,2,0
TRAIN_0538,./train/TRAIN_0538.wav,2,0
TRAIN_0539,./train/TRAIN_0539.wav,0,0
TRAIN_0540,./train/TRAIN_0540.wav,2,0
TRAIN_0541,./train/TRAIN_0541.wav,0,0
TRAIN_0542,./train/TRAIN_0542.wav,0,0
TRAIN_0543,./train/TRAIN_0543.wav,0,0
TRAIN_0544,./train/TRAIN_0544.wav,0,0
TRAIN_0545,./train/TRAIN_0545.wav,2,0
TRAIN_0546,./train/TRAIN_0546.wav,0,0
TRAIN_0547,./train/TRAIN_0547.wav,2,0
TRAIN_0548,./train/TRAIN_0548.wav,2,0
TRAIN_0549,./train/TRAIN_0549.wav,2,0
TRAIN_0550,./train/TRAIN_0550.wav,0,0
TRAIN_0551,./train/TRAIN_0551.wav,2,0
TRAIN_0552,./train/TRAIN_0552.wav,2,0
TRAIN_0553,./train/TRAIN_0553.wav,0,0
TRAIN_0554,./train/TRAIN_0554.wav,0,0
TRAIN_0555,./train/TRAIN_0555.wav,0,0
TRAIN_0556,./train/TRAIN_0556.wav,0,0
TRAIN_0557,./train/TRAIN_0557.wav,2,0
TRAIN_0558,./train/TRAIN_0558.wav,2,0
TRAIN_0559,./train/TRAIN_0559.wav,0,0
TRAIN_0560,./train/TRAIN_0560.wav,2,0
TRAIN_0561,./train/TRAIN_0561.wav,0,0
TRAIN_0562,./train/TRAIN_0562.wav,0,0
TRAIN_0563,./train/TRAIN_0563.wav,2,0
TRAIN_0564,./train/TRAIN_0564.wav,0,0
TRAIN_0565,./train/TRAIN_0565.wav,0,0
TRAIN_0566,./train/TRAIN_0566.wav,2,0
TRAIN_0567,./train/TRAIN_0567.wav,0,0
TRAIN_0568,./train/TRAIN_0568.wav,0,0
TRAIN_0569,./train/TRAIN_0569.wav,0,0
TRAIN_0570,./train/TRAIN_0570.wav,2,0
TRAIN_0571,./train/TRAIN_0571.wav,0,0
TRAIN_0572,./train/TRAIN_0572.wav,0,0
TRAIN_0573,./train/TRAIN_0573.wav,0,0
TRAIN_0574,./train/TRAIN_0574.wav,0,0
TRAIN_0575,./train/TRAIN_0575.wav,0,0
TRAIN_0576,./train/TRAIN_0576.wav,2,0
TRAIN_0577,./train/TRAIN_0577.wav,0,0
TRAIN_0578,./train/TRAIN_0578.wav,2,0
TRAIN_0579,./train/TRAIN_0579.wav,2,0
TRAIN_0580,./train/TRAIN_0580.wav,2,0
TRAIN_0581,./train/TRAIN_0581.wav,0,0
TRAIN_0582,./train/TRAIN_0582.wav,2,0
TRAIN_0583,./train/TRAIN_0583.wav,2,0
TRAIN_0584,./train/TRAIN_0584.wav,2,0
TRAIN_0585,./train/TRAIN_0585.wav,0,0
TRAIN_0586,./train/TRAIN_0586.wav,0,0
TRAIN_0587,./train/TRAIN_0587.wav,2,0
TRAIN_0588,./train/TRAIN_0588.wav,2,0
TRAIN_0589,./train/TRAIN_0589.wav,0,0
TRAIN_0590,./train/TRAIN_0590.wav,0,0
TRAIN_0591,./train/TRAIN_0591.wav,0,0
TRAIN_0592,./train/TRAIN_0592.wav,2,0
TRAIN_0593,./train/TRAIN_0593.wav,2,0
TRAIN_0594,./train/TRAIN_0594.wav,0,0
TRAIN_0595,./train/TRAIN_0595.wav,2,0
TRAIN_0596,./train/TRAIN_0596.wav,0,0
TRAIN_0597,./train/TRAIN_0597.wav,0,0
TRAIN_0598,./train/TRAIN_0598.wav,0,0
TRAIN_0599,./train/TRAIN_0599.wav,0,0
TRAIN_0600,./train/TRAIN_0600.wav,0,0
TRAIN_0601,./train/TRAIN_0601.wav,0,0
TRAIN_0602,./train/TRAIN_0602.wav,0,0
TRAIN_0603,./train/TRAIN_0603.wav,2,0
TRAIN_0604,./train/TRAIN_0604.wav,2,0
TRAIN_0605,./train/TRAIN_0605.wav,2,0
TRAIN_0606,./train/TRAIN_0606.wav,0,0
TRAIN_0607,./train/TRAIN_0607.wav,0,0
TRAIN_0608,./train/TRAIN_0608.wav,2,0
TRAIN_0609,./train/TRAIN_0609.wav,0,0
TRAIN_0610,./train/TRAIN_0610.wav,0,0
TRAIN_0611,./train/TRAIN_0611.wav,0,0
TRAIN_0612,./train/TRAIN_0612.wav,0,0
TRAIN_0613,./train/TRAIN_0613.wav,2,0
TRAIN_0614,./train/TRAIN_0614.wav,2,0
TRAIN_0615,./train/TRAIN_0615.wav,2,0
TRAIN_0616,./train/TRAIN_0616.wav,0,0
TRAIN_0617,./train/TRAIN_0617.wav,0,0
TRAIN_0618,./train/TRAIN_0618.wav,0,0
TRAIN_0619,./train/TRAIN_0619.wav,0,0
TRAIN_0620,./train/TRAIN_0620.wav,0,0
TRAIN_0621,./train/TRAIN_0621.wav,2,0
TRAIN_0622,./train/TRAIN_0622.wav,2,0
TRAIN_0623,./train/TRAIN_0623.wav,0,0
TRAIN_0624,./train/TRAIN_0624.wav,0,0
TRAIN_0625,./train/TRAIN_0625.wav,2,0
TRAIN_0626,./train/TRAIN_0626.wav,2,0
TRAIN_0627,./train/TRAIN_0627.wav,2,0
TRAIN_0628,./train/TRAIN_0628.wav,2,0
TRAIN_0629,./train/TRAIN_0629.wav,2,0
TRAIN_0630,./train/TRAIN_0630.wav,2,0
TRAIN_0631,./train/TRAIN_0631.wav,0,0
TRAIN_0632,./train/TRAIN_0632.wav,2,0
TRAIN_0633,./train/TRAIN_0633.wav,0,0
TRAIN_0634,./train/TRAIN_0634.wav,0,0
TRAIN_0635,./train/TRAIN_0635.wav,2,0
TRAIN_0636,./train/TRAIN_0636.wav,0,0
TRAIN_0637,./train/TRAIN_0637.wav,0,0
TRAIN_0638,./train/TRAIN_0638.wav,0,0
TRAIN_0639,./train/TRAIN_0639.wav,0,0
TRAIN_0640,./train/TRAIN_0640.wav,0,0
TRAIN_0641,./train/TRAIN_0641.wav,2,0
TRAIN_0642,./train/TRAIN_0642.wav,0,0
TRAIN_0643,./train/TRAIN_0643.wav,0,0
TRAIN_0644,./train/TRAIN_0644.wav,0,0
TRAIN_0645,./train/TRAIN_0645.wav,2,0
TRAIN_0646,./train/TRAIN_0646.wav,2,0
TRAIN_0647,./train/TRAIN_0647.wav,2,0
TRAIN_0648,./train/TRAIN_0648.wav,2,0
TRAIN_0649,./train/TRAIN_0649.wav,0,0
TRAIN_0650,./train/TRAIN_0650.wav,2,0
TRAIN_0651,./train/TRAIN_0651.wav,2,0
TRAIN_0652,./train/TRAIN_0652.wav,0,0
TRAIN_0653,./train/TRAIN_0653.wav,2,0
TRAIN_0654,./train/TRAIN_0654.wav,0,0
TRAIN_0655,./train/TRAIN_0655.wav,0,0
TRAIN_0656,./train/TRAIN_0656.wav,0,0
TRAIN_0657,./train/TRAIN_0657.wav,2,0
TRAIN_0658,./train/TRAIN_0658.wav,2,0
TRAIN_0659,./train/TRAIN_0659.wav,2,0
TRAIN_0660,./train/TRAIN_0660.wav,2,0
TRAIN_0661,./train/TRAIN_0661.wav,2,0
TRAIN_0662,./train/TRAIN_0662.wav,0,0
TRAIN_0663,./train/TRAIN_0663.wav,2,0
TRAIN_0664,./train/TRAIN_0664.wav,2,0
TRAIN_0665,./train/TRAIN_0665.wav,2,0
TRAIN_0666,./train/TRAIN_0666.wav,2,0
TRAIN_0667,./train/TRAIN_0667.wav,0,0
TRAIN_0668,./train/TRAIN_0668.wav,2,0
TRAIN_0669,./train/TRAIN_0669.wav,2,0
TRAIN_0670,./train/TRAIN_0670.wav,0,0
TRAIN_0671,./train/TRAIN_0671.wav,0,0
TRAIN_0672,./train/TRAIN_0672.wav,0,0
TRAIN_0673,./train/TRAIN_0673.wav,2,0
TRAIN_0674,./train/TRAIN_0674.wav,2,0
TRAIN_0675,./train/TRAIN_0675.wav,2,0
TRAIN_0676,./train/TRAIN_0676.wav,2,0
TRAIN_0677,./train/TRAIN_0677.wav,2,0
TRAIN_0678,./train/TRAIN_0678.wav,0,0
TRAIN_0679,./train/TRAIN_0679.wav,2,0
TRAIN_0680,./train/TRAIN_0680.wav,0,0
TRAIN_0681,./train/TRAIN_0681.wav,2,0
TRAIN_0682,./train/TRAIN_0682.wav,2,0
TRAIN_0683,./train/TRAIN_0683.wav,2,0
TRAIN_0684,./train/TRAIN_0684.wav,2,0
TRAIN_0685,./train/TRAIN_0685.wav,0,0
TRAIN_0686,./train/TRAIN_0686.wav,2,0
TRAIN_0687,./train/TRAIN_0687.wav,2,0
TRAIN_0688,./train/TRAIN_0688.wav,2,0
TRAIN_0689,./train/TRAIN_0689.wav,0,0
TRAIN_0690,./train/TRAIN_0690.wav,0,0
TRAIN_0691,./train/TRAIN_0691.wav,0,0
TRAIN_0692,./train/TRAIN_0692.wav,2,0
TRAIN_0693,./train/TRAIN_0693.wav,0,0
TRAIN_0694,./train/TRAIN_0694.wav,2,0
TRAIN_0695,./train/TRAIN_0695.wav,2,0
TRAIN_0696,./train/TRAIN_0696.wav,2,0
TRAIN_0697,./train/TRAIN_0697.wav,0,0
TRAIN_0698,./train/TRAIN_0698.wav,0,0
TRAIN_0699,./train/TRAIN_0699.wav,0,0
TRAIN_0700,./train/TRAIN_0700.wav,0,0
TRAIN_0701,./train/TRAIN_0701.wav,0,0
TRAIN_0702,./train/TRAIN_0702.wav,0,0
TRAIN_0703,./train/TRAIN_0703.wav,0,0
TRAIN_0704,./train/TRAIN_0704.wav,2,0
TRAIN_0705,./train/TRAIN_0705.wav,2,0
TRAIN_0706,./train/TRAIN_0706.wav,0,0
TRAIN_0707,./train/TRAIN_0707.wav,0,0
TRAIN_0708,./train/TRAIN_0708.wav,2,0
TRAIN_0709,./train/TRAIN_0709.wav,0,0
TRAIN_0710,./train/TRAIN_0710.wav,2,0
TRAIN_0711,./train/TRAIN_0711.wav,2,0
TRAIN_0712,./train/TRAIN_0712.wav,0,0
TRAIN_0713,./train/TRAIN_0713.wav,0,0
TRAIN_0714,./train/TRAIN_0714.wav,2,0
TRAIN_0715,./train/TRAIN_0715.wav,0,0
TRAIN_0716,./train/TRAIN_0716.wav,0,0
TRAIN_0717,./train/TRAIN_0717.wav,2,0
TRAIN_0718,./train/TRAIN_0718.wav,0,0
TRAIN_0719,./train/TRAIN_0719.wav,0,0
TRAIN_0720,./train/TRAIN_0720.wav,2,0
TRAIN_0721,./train/TRAIN_0721.wav,0,0
TRAIN_0722,./train/TRAIN_0722.wav,0,0
TRAIN_0723,./train/TRAIN_0723.wav,2,0
TRAIN_0724,./train/TRAIN_0724.wav,0,0
TRAIN_0725,./train/TRAIN_0725.wav,2,0
TRAIN_0726,./train/TRAIN_0726.wav,2,0
TRAIN_0727,./train/TRAIN_0727.wav,2,0
TRAIN_0728,./train/TRAIN_0728.wav,2,0
TRAIN_0729,./train/TRAIN_0729.wav,2,0
TRAIN_0730,./train/TRAIN_0730.wav,2,0
TRAIN_0731,./train/TRAIN_0731.wav,2,0
TRAIN_0732,./train/TRAIN_0732.wav,2,0
TRAIN_0733,./train/TRAIN_0733.wav,0,0
TRAIN_0734,./train/TRAIN_0734.wav,2,0
TRAIN_0735,./train/TRAIN_0735.wav,0,0
TRAIN_0736,./train/TRAIN_0736.wav,2,0
TRAIN_0737,./train/TRAIN_0737.wav,0,0
TRAIN_0738,./train/TRAIN_0738.wav,0,0
TRAIN_0739,./train/TRAIN_0739.wav,0,0
TRAIN_0740,./train/TRAIN_0740.wav,0,0
TRAIN_0741,./train/TRAIN_0741.wav,2,0
TRAIN_0742,./train/TRAIN_0742.wav,2,0
TRAIN_0743,./train/TRAIN_0743.wav,0,0
TRAIN_0744,./train/TRAIN_0744.wav,2,0
TRAIN_0745,./train/TRAIN_0745.wav,2,0
TRAIN_0746,./train/TRAIN_0746.wav,0,0
TRAIN_0747,./train/TRAIN_0747.wav,2,0
TRAIN_0748,./train/TRAIN_0748.wav,2,0
TRAIN_0749,./train/TRAIN_0749.wav,2,0
TRAIN_0750,./train/TRAIN_0750.wav,0,0
TRAIN_0751,./train/TRAIN_0751.wav,2,0
TRAIN_0752,./train/TRAIN_0752.wav,0,0
TRAIN_0753,./train/TRAIN_0753.wav,0,0
TRAIN_0754,./train/TRAIN_0754.wav,0,0
TRAIN_0755,./train/TRAIN_0755.wav,0,0
TRAIN_0756,./train/TRAIN_0756.wav,0,0
TRAIN_0757,./train/TRAIN_0757.wav,0,0
TRAIN_0758,./train/TRAIN_0758.wav,0,0
TRAIN_0759,./train/TRAIN_0759.wav,0,0
TRAIN_0760,./train/TRAIN_0760.wav,2,0
TRAIN_0761,./train/TRAIN_0761.wav,0,0
TRAIN_0762,./train/TRAIN_0762.wav,2,0
TRAIN_0763,./train/TRAIN_0763.wav,2,0
TRAIN_0764,./train/TRAIN_0764.wav,0,0
TRAIN_0765,./train/TRAIN_0765.wav,0,0
TRAIN_0766,./train/TRAIN_0766.wav,0,0
TRAIN_0767,./train/TRAIN_0767.wav,2,0
TRAIN_0768,./train/TRAIN_0768.wav,2,0
TRAIN_0769,./train/TRAIN_0769.wav,2,0
TRAIN_0770,./train/TRAIN_0770.wav,2,0
TRAIN_0771,./train/TRAIN_0771.wav,2,0
TRAIN_0772,./train/TRAIN_0772.wav,2,0
TRAIN_0773,./train/TRAIN_0773.wav,0,0
TRAIN_0774,./train/TRAIN_0774.wav,2,0
TRAIN_0775,./train/TRAIN_0775.wav,0,0
TRAIN_0776,./train/TRAIN_0776.wav,2,0
TRAIN_0777,./train/TRAIN_0777.wav,0,0
TRAIN_0778,./train/TRAIN_0778.wav,0,0
TRAIN_0779,./train/TRAIN_0779.wav,0,0
TRAIN_0780,./train/TRAIN_0780.wav,0,0
TRAIN_0781,./train/TRAIN_0781.wav,2,0
TRAIN_0782,./train/TRAIN_0782.wav,0,0
TRAIN_0783,./train/TRAIN_0783.wav,2,0
TRAIN_0784,./train/TRAIN_0784.wav,0,0
TRAIN_0785,./train/TRAIN_0785.wav,0,0
TRAIN_0786,./train/TRAIN_0786.wav,2,0
TRAIN_0787,./train/TRAIN_0787.wav,2,0
TRAIN_0788,./train/TRAIN_0788.wav,0,0
TRAIN_0789,./train/TRAIN_0789.wav,0,0
TRAIN_0790,./train/TRAIN_0790.wav,0,0
TRAIN_0791,./train/TRAIN_0791.wav,2,0
TRAIN_0792,./train/TRAIN_0792.wav,0,0
TRAIN_0793,./train/TRAIN_0793.wav,2,0
TRAIN_0794,./train/TRAIN_0794.wav,0,0
TRAIN_0795,./train/TRAIN_0795.wav,0,0
TRAIN_0796,./train/TRAIN_0796.wav,0,0
TRAIN_0797,./train/TRAIN_0797.wav,0,0
TRAIN_0798,./train/TRAIN_0798.wav,2,0
TRAIN_0799,./train/TRAIN_0799.wav,0,0
TRAIN_0800,./train/TRAIN_0800.wav,0,0
TRAIN_0801,./train/TRAIN_0801.wav,2,0
TRAIN_0802,./train/TRAIN_0802.wav,2,0
TRAIN_0803,./train/TRAIN_0803.wav,0,0
TRAIN_0804,./train/TRAIN_0804.wav,2,0
TRAIN_0805,./train/TRAIN_0805.wav,2,0
TRAIN_0806,./train/TRAIN_0806.wav,0,0
TRAIN_0807,./train/TRAIN_0807.wav,0,0
TRAIN_0808,./train/TRAIN_0808.wav,2,0
TRAIN_0809,./train/TRAIN_0809.wav,0,0
TRAIN_0810,./train/TRAIN_0810.wav,0,0
TRAIN_0811,./train/TRAIN_0811.wav,0,0
TRAIN_0812,./train/TRAIN_0812.wav,2,0
TRAIN_0813,./train/TRAIN_0813.wav,0,0
TRAIN_0814,./train/TRAIN_0814.wav,0,0
TRAIN_0815,./train/TRAIN_0815.wav,0,0
TRAIN_0816,./train/TRAIN_0816.wav,0,0
TRAIN_0817,./train/TRAIN_0817.wav,0,0
TRAIN_0818,./train/TRAIN_0818.wav,2,0
TRAIN_0819,./train/TRAIN_0819.wav,0,0
TRAIN_0820,./train/TRAIN_0820.wav,2,0
TRAIN_0821,./train/TRAIN_0821.wav,0,0
TRAIN_0822,./train/TRAIN_0822.wav,2,0
TRAIN_0823,./train/TRAIN_0823.wav,2,0
TRAIN_0824,./train/TRAIN_0824.wav,0,0
TRAIN_0825,./train/TRAIN_0825.wav,2,0
TRAIN_0826,./train/TRAIN_0826.wav,2,0
TRAIN_0827,./train/TRAIN_0827.wav,2,0
TRAIN_0828,./train/TRAIN_0828.wav,2,0
TRAIN_0829,./train/TRAIN_0829.wav,0,0
TRAIN_0830,./train/TRAIN_0830.wav,0,0
TRAIN_0831,./train/TRAIN_0831.wav,0,0
TRAIN_0832,./train/TRAIN_0832.wav,0,0
TRAIN_0833,./train/TRAIN_0833.wav,2,0
TRAIN_0834,./train/TRAIN_0834.wav,0,0
TRAIN_0835,./train/TRAIN_0835.wav,2,0
TRAIN_0836,./train/TRAIN_0836.wav,0,0
TRAIN_0837,./train/TRAIN_0837.wav,0,0
TRAIN_0838,./train/TRAIN_0838.wav,2,0
TRAIN_0839,./train/TRAIN_0839.wav,0,0
TRAIN_0840,./train/TRAIN_0840.wav,0,0
TRAIN_0841,./train/TRAIN_0841.wav,2,0
TRAIN_0842,./train/TRAIN_0842.wav,0,0
TRAIN_0843,./train/TRAIN_0843.wav,2,0
TRAIN_0844,./train/TRAIN_0844.wav,2,0
TRAIN_0845,./train/TRAIN_0845.wav,0,0
TRAIN_0846,./train/TRAIN_0846.wav,0,0
TRAIN_0847,./train/TRAIN_0847.wav,2,0
TRAIN_0848,./train/TRAIN_0848.wav,0,0
TRAIN_0849,./train/TRAIN_0849.wav,2,0
TRAIN_0850,./train/TRAIN_0850.wav,0,0
TRAIN_0851,./train/TRAIN_0851.wav,2,0
TRAIN_0852,./train/TRAIN_0852.wav,2,0
TRAIN_0853,./train/TRAIN_0853.wav,0,0
TRAIN_0854,./train/TRAIN_0854.wav,0,0
TRAIN_0855,./train/TRAIN_0855.wav,0,0
TRAIN_0856,./train/TRAIN_0856.wav,0,0
TRAIN_0857,./train/TRAIN_0857.wav,2,0
TRAIN_0858,./train/TRAIN_0858.wav,2,0
TRAIN_0859,./train/TRAIN_0859.wav,2,0
TRAIN_0860,./train/TRAIN_0860.wav,0,0
TRAIN_0861,./train/TRAIN_0861.wav,0,0
TRAIN_0862,./train/TRAIN_0862.wav,0,0
TRAIN_0863,./train/TRAIN_0863.wav,0,0
TRAIN_0864,./train/TRAIN_0864.wav,2,0
TRAIN_0865,./train/TRAIN_0865.wav,2,0
TRAIN_0866,./train/TRAIN_0866.wav,0,0
TRAIN_0867,./train/TRAIN_0867.wav,2,0
TRAIN_0868,./train/TRAIN_0868.wav,2,0
TRAIN_0869,./train/TRAIN_0869.wav,2,0
TRAIN_0870,./train/TRAIN_0870.wav,2,0
TRAIN_0871,./train/TRAIN_0871.wav,2,0
TRAIN_0872,./train/TRAIN_0872.wav,2,0
TRAIN_0873,./train/TRAIN_0873.wav,2,0
TRAIN_0874,./train/TRAIN_0874.wav,0,0
TRAIN_0875,./train/TRAIN_0875.wav,2,0
TRAIN_0876,./train/TRAIN_0876.wav,0,0
TRAIN_0877,./train/TRAIN_0877.wav,2,0
TRAIN_0878,./train/TRAIN_0878.wav,0,0
TRAIN_0879,./train/TRAIN_0879.wav,2,0
TRAIN_0880,./train/TRAIN_0880.wav,0,0
TRAIN_0881,./train/TRAIN_0881.wav,0,0
TRAIN_0882,./train/TRAIN_0882.wav,0,0
TRAIN_0883,./train/TRAIN_0883.wav,2,0
TRAIN_0884,./train/TRAIN_0884.wav,2,0
TRAIN_0885,./train/TRAIN_0885.wav,0,0
TRAIN_0886,./train/TRAIN_0886.wav,2,0
TRAIN_0887,./train/TRAIN_0887.wav,2,0
TRAIN_0888,./train/TRAIN_0888.wav,2,0
TRAIN_0889,./train/TRAIN_0889.wav,0,0
TRAIN_0890,./train/TRAIN_0890.wav,0,0
TRAIN_0891,./train/TRAIN_0891.wav,2,0
TRAIN_0892,./train/TRAIN_0892.wav,0,0
TRAIN_0893,./train/TRAIN_0893.wav,0,0
TRAIN_0894,./train/TRAIN_0894.wav,0,0
TRAIN_0895,./train/TRAIN_0895.wav,0,0
TRAIN_0896,./train/TRAIN_0896.wav,0,0
TRAIN_0897,./train/TRAIN_0897.wav,2,0
TRAIN_0898,./train/TRAIN_0898.wav,2,0
TRAIN_0899,./train/TRAIN_0899.wav,2,0
TRAIN_0900,./train/TRAIN_0900.wav,2,0
TRAIN_0901,./train/TRAIN_0901.wav,0,0
TRAIN_0902,./train/TRAIN_0902.wav,0,0
TRAIN_0903,./train/TRAIN_0903.wav,2,0
TRAIN_0904,./train/TRAIN_0904.wav,0,0
TRAIN_0905,./train/TRAIN_0905.wav,2,0
TRAIN_0906,./train/TRAIN_0906.wav,2,0
TRAIN_0907,./train/TRAIN_0907.wav,2,0
TRAIN_0908,./train/TRAIN_0908.wav,2,0
TRAIN_0909,./train/TRAIN_0909.wav,2,0
TRAIN_0910,./train/TRAIN_0910.wav,2,0
TRAIN_0911,./train/TRAIN_0911.wav,2,0
TRAIN_0912,./train/TRAIN_0912.wav,2,0
TRAIN_0913,./train/TRAIN_0913.wav,2,0
TRAIN_0914,./train/TRAIN_0914.wav,0,0
TRAIN_0915,./train/TRAIN_0915.wav,0,0
TRAIN_0916,./train/TRAIN_0916.wav,0,0
TRAIN_0917,./train/TRAIN_0917.wav,0,0
TRAIN_0918,./train/TRAIN_0918.wav,2,0
TRAIN_0919,./train/TRAIN_0919.wav,2,0
TRAIN_0920,./train/TRAIN_0920.wav,2,0
TRAIN_0921,./train/TRAIN_0921.wav,2,0
TRAIN_0922,./train/TRAIN_0922.wav,2,0
TRAIN_0923,./train/TRAIN_0923.wav,2,0
TRAIN_0924,./train/TRAIN_0924.wav,0,0
TRAIN_0925,./train/TRAIN_0925.wav,0,0
TRAIN_0926,./train/TRAIN_0926.wav,0,0
TRAIN_0927,./train/TRAIN_0927.wav,0,0
TRAIN_0928,./train/TRAIN_0928.wav,0,0
TRAIN_0929,./train/TRAIN_0929.wav,0,0
TRAIN_0930,./train/TRAIN_0930.wav,0,0
TRAIN_0931,./train/TRAIN_0931.wav,0,0
TRAIN_0932,./train/TRAIN_0932.wav,2,0
TRAIN_0933,./train/TRAIN_0933.wav,2,0
TRAIN_0934,./train/TRAIN_0934.wav,0,0
TRAIN_0935,./train/TRAIN_0935.wav,2,0
TRAIN_0936,./train/TRAIN_0936.wav,2,0
TRAIN_0937,./train/TRAIN_0937.wav,0,0
TRAIN_0938,./train/TRAIN_0938.wav,2,0
TRAIN_0939,./train/TRAIN_0939.wav,0,0
TRAIN_0940,./train/TRAIN_0940.wav,0,0
TRAIN_0941,./train/TRAIN_0941.wav,2,0
TRAIN_0942,./train/TRAIN_0942.wav,2,0
TRAIN_0943,./train/TRAIN_0943.wav,2,0
TRAIN_0944,./train/TRAIN_0944.wav,0,0
TRAIN_0945,./train/TRAIN_0945.wav,0,0
TRAIN_0946,./train/TRAIN_0946.wav,0,0
TRAIN_0947,./train/TRAIN_0947.wav,2,0
TRAIN_0948,./train/TRAIN_0948.wav,2,0
TRAIN_0949,./train/TRAIN_0949.wav,0,0
TRAIN_0950,./train/TRAIN_0950.wav,0,0
TRAIN_0951,./train/TRAIN_0951.wav,0,0
TRAIN_0952,./train/TRAIN_0952.wav,0,0
TRAIN_0953,./train/TRAIN_0953.wav,2,0
TRAIN_0954,./train/TRAIN_0954.wav,0,0
TRAIN_0955,./train/TRAIN_0955.wav,0,0
TRAIN_0956,./train/TRAIN_0956.wav,2,0
TRAIN_0957,./train/TRAIN_0957.wav,0,0
TRAIN_0958,./train/TRAIN_0958.wav,0,0
TRAIN_0959,./train/TRAIN_0959.wav,2,0
TRAIN_0960,./train/TRAIN_0960.wav,2,0
TRAIN_0961,./train/TRAIN_0961.wav,2,0
TRAIN_0962,./train/TRAIN_0962.wav,2,0
TRAIN_0963,./train/TRAIN_0963.wav,2,0
TRAIN_0964,./train/TRAIN_0964.wav,0,0
TRAIN_0965,./train/TRAIN_0965.wav,0,0
TRAIN_0966,./train/TRAIN_0966.wav,0,0
TRAIN_0967,./train/TRAIN_0967.wav,2,0
TRAIN_0968,./train/TRAIN_0968.wav,0,0
TRAIN_0969,./train/TRAIN_0969.wav,0,0
TRAIN_0970,./train/TRAIN_0970.wav,2,0
TRAIN_0971,./train/TRAIN_0971.wav,2,0
TRAIN_0972,./train/TRAIN_0972.wav,2,0
TRAIN_0973,./train/TRAIN_0973.wav,2,0
TRAIN_0974,./train/TRAIN_0974.wav,0,0
TRAIN_0975,./train/TRAIN_0975.wav,2,0
TRAIN_0976,./train/TRAIN_0976.wav,2,0
TRAIN_0977,./train/TRAIN_0977.wav,0,0
TRAIN_0978,./train/TRAIN_0978.wav,2,0
TRAIN_0979,./train/TRAIN_0979.wav,0,0
TRAIN_0980,./train/TRAIN_0980.wav,2,0
TRAIN_0981,./train/TRAIN_0981.wav,0,0
TRAIN_0982,./train/TRAIN_0982.wav,2,0
TRAIN_0983,./train/TRAIN_0983.wav,0,0
TRAIN_0984,./train/TRAIN_0984.wav,2,0
TRAIN_0985,./train/TRAIN_0985.wav,0,0
TRAIN_0986,./train/TRAIN_0986.wav,0,0
TRAIN_0987,./train/TRAIN_0987.wav,2,0
TRAIN_0988,./train/TRAIN_0988.wav,0,0
TRAIN_0989,./train/TRAIN_0989.wav,2,0
TRAIN_0990,./train/TRAIN_0990.wav,0,0
TRAIN_0991,./train/TRAIN_0991.wav,0,0
TRAIN_0992,./train/TRAIN_0992.wav,0,0
TRAIN_0993,./train/TRAIN_0993.wav,2,0
TRAIN_0994,./train/TRAIN_0994.wav,2,0
TRAIN_0995,./train/TRAIN_0995.wav,0,0
TRAIN_0996,./train/TRAIN_0996.wav,0,0
TRAIN_0997,./train/TRAIN_0997.wav,2,0
TRAIN_0998,./train/TRAIN_0998.wav,2,0
TRAIN_0999,./train/TRAIN_0999.wav,2,0
TRAIN_1000,./train/TRAIN_1000.wav,2,0
TRAIN_1001,./train/TRAIN_1001.wav,0,0
TRAIN_1002,./train/TRAIN_1002.wav,0,0
TRAIN_1003,./train/TRAIN_1003.wav,2,0
TRAIN_1004,./train/TRAIN_1004.wav,2,0
TRAIN_1005,./train/TRAIN_1005.wav,2,0
TRAIN_1006,./train/TRAIN_1006.wav,0,0
TRAIN_1007,./train/TRAIN_1007.wav,0,0
TRAIN_1008,./train/TRAIN_1008.wav,0,0
TRAIN_1009,./train/TRAIN_1009.wav,0,0
TRAIN_1010,./train/TRAIN_1010.wav,0,0
TRAIN_1011,./train/TRAIN_1011.wav,0,0
TRAIN_1012,./train/TRAIN_1012.wav,0,0
TRAIN_1013,./train/TRAIN_1013.wav,0,0
TRAIN_1014,./train/TRAIN_1014.wav,0,0
TRAIN_1015,./train/TRAIN_1015.wav,0,0
TRAIN_1016,./train/TRAIN_1016.wav,2,0
TRAIN_1017,./train/TRAIN_1017.wav,2,0
TRAIN_1018,./train/TRAIN_1018.wav,0,0
TRAIN_1019,./train/TRAIN_1019.wav,2,0
TRAIN_1020,./train/TRAIN_1020.wav,2,0
TRAIN_1021,./train/TRAIN_1021.wav,0,0
TRAIN_1022,./train/TRAIN_1022.wav,0,0
TRAIN_1023,./train/TRAIN_1023.wav,2,0
TRAIN_1024,./train/TRAIN_1024.wav,2,0
TRAIN_1025,./train/TRAIN_1025.wav,0,0
TRAIN_1026,./train/TRAIN_1026.wav,0,0
TRAIN_1027,./train/TRAIN_1027.wav,0,0
TRAIN_1028,./train/TRAIN_1028.wav,2,0
TRAIN_1029,./train/TRAIN_1029.wav,2,0
TRAIN_1030,./train/TRAIN_1030.wav,0,0
TRAIN_1031,./train/TRAIN_1031.wav,2,0
TRAIN_1032,./train/TRAIN_1032.wav,2,0
TRAIN_1033,./train/TRAIN_1033.wav,2,0
TRAIN_1034,./train/TRAIN_1034.wav,0,0
TRAIN_1035,./train/TRAIN_1035.wav,0,0
TRAIN_1036,./train/TRAIN_1036.wav,0,0
TRAIN_1037,./train/TRAIN_1037.wav,0,0
TRAIN_1038,./train/TRAIN_1038.wav,0,0
TRAIN_1039,./train/TRAIN_1039.wav,0,0
TRAIN_1040,./train/TRAIN_1040.wav,0,0
TRAIN_1041,./train/TRAIN_1041.wav,2,0
TRAIN_1042,./train/TRAIN_1042.wav,2,0
TRAIN_1043,./train/TRAIN_1043.wav,0,0
TRAIN_1044,./train/TRAIN_1044.wav,2,0
TRAIN_1045,./train/TRAIN_1045.wav,0,0
TRAIN_1046,./train/TRAIN_1046.wav,0,0
TRAIN_1047,./train/TRAIN_1047.wav,2,0
TRAIN_1048,./train/TRAIN_1048.wav,0,0
TRAIN_1049,./train/TRAIN_1049.wav,2,0
TRAIN_1050,./train/TRAIN_1050.wav,0,0
TRAIN_1051,./train/TRAIN_1051.wav,2,0
TRAIN_1052,./train/TRAIN_1052.wav,0,0
TRAIN_1053,./train/TRAIN_1053.wav,2,0
TRAIN_1054,./train/TRAIN_1054.wav,2,0
TRAIN_1055,./train/TRAIN_1055.wav,0,0
TRAIN_1056,./train/TRAIN_1056.wav,2,0
TRAIN_1057,./train/TRAIN_1057.wav,0,0
TRAIN_1058,./train/TRAIN_1058.wav,0,0
TRAIN_1059,./train/TRAIN_1059.wav,2,0
TRAIN_1060,./train/TRAIN_1060.wav,0,0
TRAIN_1061,./train/TRAIN_1061.wav,0,0
TRAIN_1062,./train/TRAIN_1062.wav,0,0
TRAIN_1063,./train/TRAIN_1063.wav,0,0
TRAIN_1064,./train/TRAIN_1064.wav,0,0
TRAIN_1065,./train/TRAIN_1065.wav,2,0
TRAIN_1066,./train/TRAIN_1066.wav,2,0
TRAIN_1067,./train/TRAIN_1067.wav,2,0
TRAIN_1068,./train/TRAIN_1068.wav,0,0
TRAIN_1069,./train/TRAIN_1069.wav,0,0
TRAIN_1070,./train/TRAIN_1070.wav,0,0
TRAIN_1071,./train/TRAIN_1071.wav,2,0
TRAIN_1072,./train/TRAIN_1072.wav,0,0
TRAIN_1073,./train/TRAIN_1073.wav,0,0
TRAIN_1074,./train/TRAIN_1074.wav,0,0
TRAIN_1075,./train/TRAIN_1075.wav,2,0
TRAIN_1076,./train/TRAIN_1076.wav,2,0
TRAIN_1077,./train/TRAIN_1077.wav,2,0
TRAIN_1078,./train/TRAIN_1078.wav,0,0
TRAIN_1079,./train/TRAIN_1079.wav,0,0
TRAIN_1080,./train/TRAIN_1080.wav,0,0
TRAIN_1081,./train/TRAIN_1081.wav,2,0
TRAIN_1082,./train/TRAIN_1082.wav,2,0
TRAIN_1083,./train/TRAIN_1083.wav,2,0
TRAIN_1084,./train/TRAIN_1084.wav,2,0
TRAIN_1085,./train/TRAIN_1085.wav,2,0
TRAIN_1086,./train/TRAIN_1086.wav,2,0
TRAIN_1087,./train/TRAIN_1087.wav,0,0
TRAIN_1088,./train/TRAIN_1088.wav,2,0
TRAIN_1089,./train/TRAIN_1089.wav,0,0
TRAIN_1090,./train/TRAIN_1090.wav,0,0
TRAIN_1091,./train/TRAIN_1091.wav,2,0
TRAIN_1092,./train/TRAIN_1092.wav,2,0
TRAIN_1093,./train/TRAIN_1093.wav,0,0
TRAIN_1094,./train/TRAIN_1094.wav,0,0
TRAIN_1095,./train/TRAIN_1095.wav,0,0
TRAIN_1096,./train/TRAIN_1096.wav,2,0
TRAIN_1097,./train/TRAIN_1097.wav,2,0
TRAIN_1098,./train/TRAIN_1098.wav,2,0
TRAIN_1099,./train/TRAIN_1099.wav,0,0
TRAIN_1100,./train/TRAIN_1100.wav,0,0
TRAIN_1101,./train/TRAIN_1101.wav,2,0
TRAIN_1102,./train/TRAIN_1102.wav,0,0
TRAIN_1103,./train/TRAIN_1103.wav,2,0
TRAIN_1104,./train/TRAIN_1104.wav,2,0
TRAIN_1105,./train/TRAIN_1105.wav,0,0
TRAIN_1106,./train/TRAIN_1106.wav,2,0
TRAIN_1107,./train/TRAIN_1107.wav,0,0
TRAIN_1108,./train/TRAIN_1108.wav,0,0
TRAIN_1109,./train/TRAIN_1109.wav,2,0
TRAIN_1110,./train/TRAIN_1110.wav,0,0
TRAIN_1111,./train/TRAIN_1111.wav,2,0
TRAIN_1112,./train/TRAIN_1112.wav,2,0
TRAIN_1113,./train/TRAIN_1113.wav,2,0
TRAIN_1114,./train/TRAIN_1114.wav,2,0
TRAIN_1115,./train/TRAIN_1115.wav,0,0
TRAIN_1116,./train/TRAIN_1116.wav,2,0
TRAIN_1117,./train/TRAIN_1117.wav,0,0
TRAIN_1118,./train/TRAIN_1118.wav,2,0
TRAIN_1119,./train/TRAIN_1119.wav,2,0
TRAIN_1120,./train/TRAIN_1120.wav,0,0
TRAIN_1121,./train/TRAIN_1121.wav,2,0
TRAIN_1122,./train/TRAIN_1122.wav,2,0
TRAIN_1123,./train/TRAIN_1123.wav,2,0
TRAIN_1124,./train/TRAIN_1124.wav,0,0
TRAIN_1125,./train/TRAIN_1125.wav,2,0
TRAIN_1126,./train/TRAIN_1126.wav,0,0
TRAIN_1127,./train/TRAIN_1127.wav,2,0
TRAIN_1128,./train/TRAIN_1128.wav,0,0
TRAIN_1129,./train/TRAIN_1129.wav,2,0
TRAIN_1130,./train/TRAIN_1130.wav,0,0
TRAIN_1131,./train/TRAIN_1131.wav,0,0
TRAIN_1132,./train/TRAIN_1132.wav,0,0
TRAIN_1133,./train/TRAIN_1133.wav,0,0
TRAIN_1134,./train/TRAIN_1134.wav,0,0
TRAIN_1135,./train/TRAIN_1135.wav,0,0
TRAIN_1136,./train/TRAIN_1136.wav,0,0
TRAIN_1137,./train/TRAIN_1137.wav,2,0
TRAIN_1138,./train/TRAIN_1138.wav,2,0
TRAIN_1139,./train/TRAIN_1139.wav,2,0
TRAIN_1140,./train/TRAIN_1140.wav,2,0
TRAIN_1141,./train/TRAIN_1141.wav,2,0
TRAIN_1142,./train/TRAIN_1142.wav,2,0
TRAIN_1143,./train/TRAIN_1143.wav,2,0
TRAIN_1144,./train/TRAIN_1144.wav,0,0
TRAIN_1145,./train/TRAIN_1145.wav,2,0
TRAIN_1146,./train/TRAIN_1146.wav,0,0
TRAIN_1147,./train/TRAIN_1147.wav,0,0
TRAIN_1148,./train/TRAIN_1148.wav,0,0
TRAIN_1149,./train/TRAIN_1149.wav,2,0
TRAIN_1150,./train/TRAIN_1150.wav,2,0
TRAIN_1151,./train/TRAIN_1151.wav,2,0
TRAIN_1152,./train/TRAIN_1152.wav,2,0
TRAIN_1153,./train/TRAIN_1153.wav,2,0
TRAIN_1154,./train/TRAIN_1154.wav,2,0
TRAIN_1155,./train/TRAIN_1155.wav,2,0
TRAIN_1156,./train/TRAIN_1156.wav,0,0
TRAIN_1157,./train/TRAIN_1157.wav,0,0
TRAIN_1158,./train/TRAIN_1158.wav,2,0
TRAIN_1159,./train/TRAIN_1159.wav,0,0
TRAIN_1160,./train/TRAIN_1160.wav,0,0
TRAIN_1161,./train/TRAIN_1161.wav,2,0
TRAIN_1162,./train/TRAIN_1162.wav,2,0
TRAIN_1163,./train/TRAIN_1163.wav,0,0
TRAIN_1164,./train/TRAIN_1164.wav,2,0
TRAIN_1165,./train/TRAIN_1165.wav,2,0
TRAIN_1166,./train/TRAIN_1166.wav,0,0
TRAIN_1167,./train/TRAIN_1167.wav,2,0
TRAIN_1168,./train/TRAIN_1168.wav,2,0
TRAIN_1169,./train/TRAIN_1169.wav,2,0
TRAIN_1170,./train/TRAIN_1170.wav,2,0
TRAIN_1171,./train/TRAIN_1171.wav,2,0
TRAIN_1172,./train/TRAIN_1172.wav,2,0
TRAIN_1173,./train/TRAIN_1173.wav,2,0
TRAIN_1174,./train/TRAIN_1174.wav,2,0
TRAIN_1175,./train/TRAIN_1175.wav,2,0
TRAIN_1176,./train/TRAIN_1176.wav,0,0
TRAIN_1177,./train/TRAIN_1177.wav,2,0
TRAIN_1178,./train/TRAIN_1178.wav,2,0
TRAIN_1179,./train/TRAIN_1179.wav,2,0
TRAIN_1180,./train/TRAIN_1180.wav,2,0
TRAIN_1181,./train/TRAIN_1181.wav,2,0
TRAIN_1182,./train/TRAIN_1182.wav,0,0
TRAIN_1183,./train/TRAIN_1183.wav,2,0
TRAIN_1184,./train/TRAIN_1184.wav,2,0
TRAIN_1185,./train/TRAIN_1185.wav,2,0
TRAIN_1186,./train/TRAIN_1186.wav,0,0
TRAIN_1187,./train/TRAIN_1187.wav,2,0
TRAIN_1188,./train/TRAIN_1188.wav,0,0
TRAIN_1189,./train/TRAIN_1189.wav,0,0
TRAIN_1190,./train/TRAIN_1190.wav,2,0
TRAIN_1191,./train/TRAIN_1191.wav,2,0
TRAIN_1192,./train/TRAIN_1192.wav,2,0
TRAIN_1193,./train/TRAIN_1193.wav,0,0
TRAIN_1194,./train/TRAIN_1194.wav,0,0
TRAIN_1195,./train/TRAIN_1195.wav,0,0
TRAIN_1196,./train/TRAIN_1196.wav,0,0
TRAIN_1197,./train/TRAIN_1197.wav,2,0
TRAIN_1198,./train/TRAIN_1198.wav,2,0
TRAIN_1199,./train/TRAIN_1199.wav,0,0
TRAIN_1200,./train/TRAIN_1200.wav,2,0
TRAIN_1201,./train/TRAIN_1201.wav,2,0
TRAIN_1202,./train/TRAIN_1202.wav,0,0
TRAIN_1203,./train/TRAIN_1203.wav,2,0
TRAIN_1204,./train/TRAIN_1204.wav,0,0
TRAIN_1205,./train/TRAIN_1205.wav,0,0
TRAIN_1206,./train/TRAIN_1206.wav,2,0
TRAIN_1207,./train/TRAIN_1207.wav,0,0
TRAIN_1208,./train/TRAIN_1208.wav,2,0
TRAIN_1209,./train/TRAIN_1209.wav,0,0
TRAIN_1210,./train/TRAIN_1210.wav,0,0
TRAIN_1211,./train/TRAIN_1211.wav,2,0
TRAIN_1212,./train/TRAIN_1212.wav,0,0
TRAIN_1213,./train/TRAIN_1213.wav,2,0
TRAIN_1214,./train/TRAIN_1214.wav,2,0
TRAIN_1215,./train/TRAIN_1215.wav,2,0
TRAIN_1216,./train/TRAIN_1216.wav,2,0
TRAIN_1217,./train/TRAIN_1217.wav,2,0
TRAIN_1218,./train/TRAIN_1218.wav,0,0
TRAIN_1219,./train/TRAIN_1219.wav,2,0
TRAIN_1220,./train/TRAIN_1220.wav,0,0
TRAIN_1221,./train/TRAIN_1221.wav,0,0
TRAIN_1222,./train/TRAIN_1222.wav,0,0
TRAIN_1223,./train/TRAIN_1223.wav,0,0
TRAIN_1224,./train/TRAIN_1224.wav,2,0
TRAIN_1225,./train/TRAIN_1225.wav,0,0
TRAIN_1226,./train/TRAIN_1226.wav,0,0
TRAIN_1227,./train/TRAIN_1227.wav,2,0
TRAIN_1228,./train/TRAIN_1228.wav,2,0
TRAIN_1229,./train/TRAIN_1229.wav,0,0
TRAIN_1230,./train/TRAIN_1230.wav,0,0
TRAIN_1231,./train/TRAIN_1231.wav,0,0
TRAIN_1232,./train/TRAIN_1232.wav,2,0
TRAIN_1233,./train/TRAIN_1233.wav,0,0
TRAIN_1234,./train/TRAIN_1234.wav,0,0
TRAIN_1235,./train/TRAIN_1235.wav,2,0
TRAIN_1236,./train/TRAIN_1236.wav,0,0
TRAIN_1237,./train/TRAIN_1237.wav,2,0
TRAIN_1238,./train/TRAIN_1238.wav,2,0
TRAIN_1239,./train/TRAIN_1239.wav,2,0
TRAIN_1240,./train/TRAIN_1240.wav,2,0
TRAIN_1241,./train/TRAIN_1241.wav,2,0
TRAIN_1242,./train/TRAIN_1242.wav,0,0
TRAIN_1243,./train/TRAIN_1243.wav,0,0
TRAIN_1244,./train/TRAIN_1244.wav,2,0
TRAIN_1245,./train/TRAIN_1245.wav,2,0
TRAIN_1246,./train/TRAIN_1246.wav,2,0
TRAIN_1247,./train/TRAIN_1247.wav,0,0
TRAIN_1248,./train/TRAIN_1248.wav,0,0
TRAIN_1249,./train/TRAIN_1249.wav,2,0
TRAIN_1250,./train/TRAIN_1250.wav,0,0
TRAIN_1251,./train/TRAIN_1251.wav,2,0
TRAIN_1252,./train/TRAIN_1252.wav,2,0
TRAIN_1253,./train/TRAIN_1253.wav,2,0
TRAIN_1254,./train/TRAIN_1254.wav,0,0
TRAIN_1255,./train/TRAIN_1255.wav,0,0
TRAIN_1256,./train/TRAIN_1256.wav,2,0
TRAIN_1257,./train/TRAIN_1257.wav,0,0
TRAIN_1258,./train/TRAIN_1258.wav,2,0
TRAIN_1259,./train/TRAIN_1259.wav,0,0
TRAIN_1260,./train/TRAIN_1260.wav,0,0
TRAIN_1261,./train/TRAIN_1261.wav,0,0
TRAIN_1262,./train/TRAIN_1262.wav,0,0
TRAIN_1263,./train/TRAIN_1263.wav,2,0
TRAIN_1264,./train/TRAIN_1264.wav,0,0
TRAIN_1265,./train/TRAIN_1265.wav,2,0
TRAIN_1266,./train/TRAIN_1266.wav,2,0
TRAIN_1267,./train/TRAIN_1267.wav,0,0
TRAIN_1268,./train/TRAIN_1268.wav,2,0
TRAIN_1269,./train/TRAIN_1269.wav,0,0
TRAIN_1270,./train/TRAIN_1270.wav,2,0
TRAIN_1271,./train/TRAIN_1271.wav,0,0
TRAIN_1272,./train/TRAIN_1272.wav,2,0
TRAIN_1273,./train/TRAIN_1273.wav,0,0
TRAIN_1274,./train/TRAIN_1274.wav,2,0
TRAIN_1275,./train/TRAIN_1275.wav,2,0
TRAIN_1276,./train/TRAIN_1276.wav,2,0
TRAIN_1277,./train/TRAIN_1277.wav,2,0
TRAIN_1278,./train/TRAIN_1278.wav,0,0
